<?xml version="1.0" encoding= "UTF-8" ?>
<instances>
   <instance name="CA" uuid="50ad9c59-5ed5-4ab6-95ba-edb20ae31ee8" version="1" prototype="468e049a-e061-4e96-8ba8-32583dd93a0c">
      <parameter name="speed" type="double" value="1">
         <property name="constraints" type="string" value="&gt;0"/>
         <property name="displayName" type="string" value="Speed [m/s]"/>
         <property name="affectGeometry" type="boolean" value="false"/>
      </parameter>
      <parameter name="length" type="double" value="6000">
         <property name="constraints" type="string" value="&gt;0"/>
         <property name="displayName" type="string" value="Length [mm]"/>
         <property name="affectGeometry" type="boolean" value="true"/>
      </parameter>
      <parameter name="width" type="double" value="500">
         <property name="constraints" type="string" value="&gt;0"/>
         <property name="displayName" type="string" value="Width [mm]"/>
         <property name="affectGeometry" type="boolean" value="true"/>
      </parameter>
      <parameter name="height" type="double" value="900">
         <property name="constraints" type="string" value="&gt;0"/>
         <property name="displayName" type="string" value="Height [mm]"/>
         <property name="affectGeometry" type="boolean" value="true"/>
      </parameter>
      <parameter name="sensorPositions" type="double[]" value="1500;4500;6000">
         <property name="displayName" type="string" value="Sensor positions [mm]"/>
         <property name="affectGeometry" type="boolean" value="true"/>
      </parameter>
      <parameter name="sensorNames" type="string[]" value="S_CA1;S_CA2;S_CA3">
         <property name="displayName" type="string" value="Sensor names"/>
         <property name="affectGeometry" type="boolean" value="false"/>
      </parameter>
      <parameter name="sensorReveal" type="string[]" value="CENTER;CENTER;LEAD">
         <property name="displayName" type="string" value="Sensor reveal [LEAD/CENTER/TAIL]"/>
         <property name="affectGeometry" type="boolean" value="false"/>
      </parameter>
      <parameter name="sensorFrames" type="string[]" value="">
         <property name="displayName" type="string" value="Sensor frames"/>
         <property name="affectGeometry" type="boolean" value="false"/>
      </parameter>
      <parameter name="idleOnStart" type="boolean" value="false">
         <property name="displayName" type="string" value="Idle on start"/>
         <property name="affectGeometry" type="boolean" value="false"/>
      </parameter>
      <parameter name="infoContent" type="string" value="">
         <property name="displayName" type="string" value="HUD content (HTML)"/>
         <property name="affectGeometry" type="boolean" value="false"/>
      </parameter>
      <parameter name="lwGeom" type="boolean" value="false">
         <property name="displayName" type="string" value="Lightweight geometry"/>
         <property name="affectGeometry" type="boolean" value="true"/>
      </parameter>
   </instance>
   <instance name="CB" uuid="8fe89381-7036-4ef1-8791-0f1d2ba157db" version="1" prototype="468e049a-e061-4e96-8ba8-32583dd93a0c">
      <parameter name="speed" type="double" value="1">
         <property name="constraints" type="string" value="&gt;0"/>
         <property name="displayName" type="string" value="Speed [m/s]"/>
         <property name="affectGeometry" type="boolean" value="false"/>
      </parameter>
      <parameter name="length" type="double" value="1500">
         <property name="constraints" type="string" value="&gt;0"/>
         <property name="displayName" type="string" value="Length [mm]"/>
         <property name="affectGeometry" type="boolean" value="true"/>
      </parameter>
      <parameter name="width" type="double" value="500">
         <property name="constraints" type="string" value="&gt;0"/>
         <property name="displayName" type="string" value="Width [mm]"/>
         <property name="affectGeometry" type="boolean" value="true"/>
      </parameter>
      <parameter name="height" type="double" value="900">
         <property name="constraints" type="string" value="&gt;0"/>
         <property name="displayName" type="string" value="Height [mm]"/>
         <property name="affectGeometry" type="boolean" value="true"/>
      </parameter>
      <parameter name="sensorPositions" type="double[]" value="1500">
         <property name="displayName" type="string" value="Sensor positions [mm]"/>
         <property name="affectGeometry" type="boolean" value="true"/>
      </parameter>
      <parameter name="sensorNames" type="string[]" value="S_CB">
         <property name="displayName" type="string" value="Sensor names"/>
         <property name="affectGeometry" type="boolean" value="false"/>
      </parameter>
      <parameter name="sensorReveal" type="string[]" value="LEAD">
         <property name="displayName" type="string" value="Sensor reveal [LEAD/CENTER/TAIL]"/>
         <property name="affectGeometry" type="boolean" value="false"/>
      </parameter>
      <parameter name="sensorFrames" type="string[]" value="">
         <property name="displayName" type="string" value="Sensor frames"/>
         <property name="affectGeometry" type="boolean" value="false"/>
      </parameter>
      <parameter name="idleOnStart" type="boolean" value="false">
         <property name="displayName" type="string" value="Idle on start"/>
         <property name="affectGeometry" type="boolean" value="false"/>
      </parameter>
      <parameter name="infoContent" type="string" value="">
         <property name="displayName" type="string" value="HUD content (HTML)"/>
         <property name="affectGeometry" type="boolean" value="false"/>
      </parameter>
      <parameter name="lwGeom" type="boolean" value="false">
         <property name="displayName" type="string" value="Lightweight geometry"/>
         <property name="affectGeometry" type="boolean" value="true"/>
      </parameter>
   </instance>
   <instance name="CC" uuid="e1d7edc6-26e9-481e-be24-8bbf15640d39" version="1" prototype="468e049a-e061-4e96-8ba8-32583dd93a0c">
      <parameter name="speed" type="double" value="1">
         <property name="constraints" type="string" value="&gt;0"/>
         <property name="displayName" type="string" value="Speed [m/s]"/>
         <property name="affectGeometry" type="boolean" value="false"/>
      </parameter>
      <parameter name="length" type="double" value="1500">
         <property name="constraints" type="string" value="&gt;0"/>
         <property name="displayName" type="string" value="Length [mm]"/>
         <property name="affectGeometry" type="boolean" value="true"/>
      </parameter>
      <parameter name="width" type="double" value="500">
         <property name="constraints" type="string" value="&gt;0"/>
         <property name="displayName" type="string" value="Width [mm]"/>
         <property name="affectGeometry" type="boolean" value="true"/>
      </parameter>
      <parameter name="height" type="double" value="900">
         <property name="constraints" type="string" value="&gt;0"/>
         <property name="displayName" type="string" value="Height [mm]"/>
         <property name="affectGeometry" type="boolean" value="true"/>
      </parameter>
      <parameter name="sensorPositions" type="double[]" value="1500">
         <property name="displayName" type="string" value="Sensor positions [mm]"/>
         <property name="affectGeometry" type="boolean" value="true"/>
      </parameter>
      <parameter name="sensorNames" type="string[]" value="S_CC">
         <property name="displayName" type="string" value="Sensor names"/>
         <property name="affectGeometry" type="boolean" value="false"/>
      </parameter>
      <parameter name="sensorReveal" type="string[]" value="LEAD">
         <property name="displayName" type="string" value="Sensor reveal [LEAD/CENTER/TAIL]"/>
         <property name="affectGeometry" type="boolean" value="false"/>
      </parameter>
      <parameter name="sensorFrames" type="string[]" value="">
         <property name="displayName" type="string" value="Sensor frames"/>
         <property name="affectGeometry" type="boolean" value="false"/>
      </parameter>
      <parameter name="idleOnStart" type="boolean" value="false">
         <property name="displayName" type="string" value="Idle on start"/>
         <property name="affectGeometry" type="boolean" value="false"/>
      </parameter>
      <parameter name="infoContent" type="string" value="">
         <property name="displayName" type="string" value="HUD content (HTML)"/>
         <property name="affectGeometry" type="boolean" value="false"/>
      </parameter>
      <parameter name="lwGeom" type="boolean" value="false">
         <property name="displayName" type="string" value="Lightweight geometry"/>
         <property name="affectGeometry" type="boolean" value="true"/>
      </parameter>
   </instance>
   <instance name="CD1" uuid="5482e315-f818-47e5-ae59-6d4774eb10fc" version="1" prototype="468e049a-e061-4e96-8ba8-32583dd93a0c">
      <parameter name="speed" type="double" value="1">
         <property name="constraints" type="string" value="&gt;0"/>
         <property name="displayName" type="string" value="Speed [m/s]"/>
         <property name="affectGeometry" type="boolean" value="false"/>
      </parameter>
      <parameter name="length" type="double" value="2000">
         <property name="constraints" type="string" value="&gt;0"/>
         <property name="displayName" type="string" value="Length [mm]"/>
         <property name="affectGeometry" type="boolean" value="true"/>
      </parameter>
      <parameter name="width" type="double" value="500">
         <property name="constraints" type="string" value="&gt;0"/>
         <property name="displayName" type="string" value="Width [mm]"/>
         <property name="affectGeometry" type="boolean" value="true"/>
      </parameter>
      <parameter name="height" type="double" value="900">
         <property name="constraints" type="string" value="&gt;0"/>
         <property name="displayName" type="string" value="Height [mm]"/>
         <property name="affectGeometry" type="boolean" value="true"/>
      </parameter>
      <parameter name="sensorPositions" type="double[]" value="">
         <property name="displayName" type="string" value="Sensor positions [mm]"/>
         <property name="affectGeometry" type="boolean" value="true"/>
      </parameter>
      <parameter name="sensorNames" type="string[]" value="">
         <property name="displayName" type="string" value="Sensor names"/>
         <property name="affectGeometry" type="boolean" value="false"/>
      </parameter>
      <parameter name="sensorReveal" type="string[]" value="">
         <property name="displayName" type="string" value="Sensor reveal [LEAD/CENTER/TAIL]"/>
         <property name="affectGeometry" type="boolean" value="false"/>
      </parameter>
      <parameter name="sensorFrames" type="string[]" value="">
         <property name="displayName" type="string" value="Sensor frames"/>
         <property name="affectGeometry" type="boolean" value="false"/>
      </parameter>
      <parameter name="idleOnStart" type="boolean" value="false">
         <property name="displayName" type="string" value="Idle on start"/>
         <property name="affectGeometry" type="boolean" value="false"/>
      </parameter>
      <parameter name="infoContent" type="string" value="">
         <property name="displayName" type="string" value="HUD content (HTML)"/>
         <property name="affectGeometry" type="boolean" value="false"/>
      </parameter>
      <parameter name="lwGeom" type="boolean" value="false">
         <property name="displayName" type="string" value="Lightweight geometry"/>
         <property name="affectGeometry" type="boolean" value="true"/>
      </parameter>
   </instance>
   <instance name="CD2" uuid="7d7460e1-d8c2-4290-affc-80d1f1d37578" version="1" prototype="468e049a-e061-4e96-8ba8-32583dd93a0c">
      <parameter name="speed" type="double" value="1">
         <property name="constraints" type="string" value="&gt;0"/>
         <property name="displayName" type="string" value="Speed [m/s]"/>
         <property name="affectGeometry" type="boolean" value="false"/>
      </parameter>
      <parameter name="length" type="double" value="2000">
         <property name="constraints" type="string" value="&gt;0"/>
         <property name="displayName" type="string" value="Length [mm]"/>
         <property name="affectGeometry" type="boolean" value="true"/>
      </parameter>
      <parameter name="width" type="double" value="500">
         <property name="constraints" type="string" value="&gt;0"/>
         <property name="displayName" type="string" value="Width [mm]"/>
         <property name="affectGeometry" type="boolean" value="true"/>
      </parameter>
      <parameter name="height" type="double" value="900">
         <property name="constraints" type="string" value="&gt;0"/>
         <property name="displayName" type="string" value="Height [mm]"/>
         <property name="affectGeometry" type="boolean" value="true"/>
      </parameter>
      <parameter name="sensorPositions" type="double[]" value="">
         <property name="displayName" type="string" value="Sensor positions [mm]"/>
         <property name="affectGeometry" type="boolean" value="true"/>
      </parameter>
      <parameter name="sensorNames" type="string[]" value="">
         <property name="displayName" type="string" value="Sensor names"/>
         <property name="affectGeometry" type="boolean" value="false"/>
      </parameter>
      <parameter name="sensorReveal" type="string[]" value="">
         <property name="displayName" type="string" value="Sensor reveal [LEAD/CENTER/TAIL]"/>
         <property name="affectGeometry" type="boolean" value="false"/>
      </parameter>
      <parameter name="sensorFrames" type="string[]" value="">
         <property name="displayName" type="string" value="Sensor frames"/>
         <property name="affectGeometry" type="boolean" value="false"/>
      </parameter>
      <parameter name="idleOnStart" type="boolean" value="false">
         <property name="displayName" type="string" value="Idle on start"/>
         <property name="affectGeometry" type="boolean" value="false"/>
      </parameter>
      <parameter name="infoContent" type="string" value="">
         <property name="displayName" type="string" value="HUD content (HTML)"/>
         <property name="affectGeometry" type="boolean" value="false"/>
      </parameter>
      <parameter name="lwGeom" type="boolean" value="false">
         <property name="displayName" type="string" value="Lightweight geometry"/>
         <property name="affectGeometry" type="boolean" value="true"/>
      </parameter>
   </instance>
   <instance name="D1" uuid="04b637c4-1e10-433a-988f-6174e2296a28" version="1" prototype="5a6af30b-a6c6-4d2f-8b59-55688f183628">
      <parameter name="waitBeforeDelete" type="long" value="1000">
         <property name="constraints" type="string" value="&gt;0"/>
      </parameter>
      <parameter name="infoContent" type="string" value="">
         <property name="displayName" type="string" value="HUD content (HTML)"/>
         <property name="affectGeometry" type="boolean" value="false"/>
      </parameter>
   </instance>
   <instance name="D2" uuid="0a9e04cd-1886-4631-88da-2d0bb26b3e2f" version="1" prototype="5a6af30b-a6c6-4d2f-8b59-55688f183628">
      <parameter name="waitBeforeDelete" type="long" value="1000">
         <property name="constraints" type="string" value="&gt;0"/>
      </parameter>
      <parameter name="infoContent" type="string" value="">
         <property name="displayName" type="string" value="HUD content (HTML)"/>
         <property name="affectGeometry" type="boolean" value="false"/>
      </parameter>
   </instance>
   <instance name="ProgrammableLogics1" uuid="659ed116-a90d-42c0-984b-e2ba4be985b0" version="1" prototype="ffb20cba-6216-40c1-81f5-4d18313ca199">
      <parameter name="plClass" type="string" value="my.company.PL1StateMachine">
         <property name="constraints" type="string" value="&gt;0"/>
         <property name="displayName" type="string" value="Logics class"/>
         <property name="affectGeometry" type="boolean" value="false"/>
      </parameter>
   </instance>
   <instance name="ProgrammableLogics2" uuid="d65a65be-29f1-40ca-8b7d-cd99508416cb" version="1" prototype="ffb20cba-6216-40c1-81f5-4d18313ca199">
      <parameter name="plClass" type="string" value="my.company.PL1StateMachine1">
         <property name="constraints" type="string" value="&gt;0"/>
         <property name="displayName" type="string" value="Logics class"/>
         <property name="affectGeometry" type="boolean" value="false"/>
      </parameter>
   </instance>
   <instance name="ProgrammableLogics3" uuid="f3b87fd2-5696-4ed4-9421-f6edaf300287" version="1" prototype="ffb20cba-6216-40c1-81f5-4d18313ca199">
      <parameter name="plClass" type="string" value="my.company.PL1StateMachine2">
         <property name="constraints" type="string" value="&gt;0"/>
         <property name="displayName" type="string" value="Logics class"/>
         <property name="affectGeometry" type="boolean" value="false"/>
      </parameter>
   </instance>
   <instance name="R1" uuid="731a80fe-ec1b-4f50-8d0d-62b161af90e9" version="1" prototype="4cf0efef-ad27-4ae1-a3d4-068ad898d5e0">
      <parameter name="logics" type="string" value="">
         <property name="displayName" type="string" value="Logics class name"/>
         <property name="constraints" type="string" value="&gt;0"/>
         <property name="affectGeometry" type="boolean" value="false"/>
      </parameter>
      <parameter name="speed" type="double" value="1000">
         <property name="displayName" type="string" value="V [mm/s]"/>
         <property name="constraints" type="string" value="&gt;0"/>
         <property name="affectGeometry" type="boolean" value="false"/>
      </parameter>
      <parameter name="acceleration" type="double" value="1000">
         <property name="displayName" type="string" value="A [mm/s^2]"/>
         <property name="constraints" type="string" value="&gt;0"/>
         <property name="affectGeometry" type="boolean" value="false"/>
      </parameter>
      <parameter name="rotMaxSpeed" type="double" value="360">
         <property name="displayName" type="string" value="Vrot [deg/s]"/>
         <property name="constraints" type="string" value="&gt;0"/>
         <property name="affectGeometry" type="boolean" value="false"/>
      </parameter>
      <parameter name="rotMaxAcceleration" type="double" value="180">
         <property name="displayName" type="string" value="Arot deg/s^2]"/>
         <property name="constraints" type="string" value="&gt;0"/>
         <property name="affectGeometry" type="boolean" value="false"/>
      </parameter>
      <parameter name="jerkTime" type="double" value="32">
         <property name="displayName" type="string" value="A change time [ms]"/>
         <property name="constraints" type="string" value="&gt;0"/>
         <property name="affectGeometry" type="boolean" value="false"/>
      </parameter>
      <parameter name="showAllGhosts" type="boolena" value="false">
         <property name="displayName" type="string" value="show collision structures"/>
         <property name="constraints" type="string" value="&gt;0"/>
         <property name="affectGeometry" type="boolean" value="false"/>
      </parameter>
      <parameter name="script" type="string" value="">
         <property name="displayName" type="string" value="Script"/>
         <property name="file_chooser" type="string" value="file"/>
         <property name="file_edit" type="boolean" value="false"/>
      </parameter>
   </instance>
   <instance name="R2" uuid="5ba275f0-58f3-49c5-bc32-0b3edac3c8d2" version="1" prototype="4cf0efef-ad27-4ae1-a3d4-068ad898d5e0">
      <parameter name="logics" type="string" value="">
         <property name="displayName" type="string" value="Logics class name"/>
         <property name="constraints" type="string" value="&gt;0"/>
         <property name="affectGeometry" type="boolean" value="false"/>
      </parameter>
      <parameter name="speed" type="double" value="1000">
         <property name="displayName" type="string" value="V [mm/s]"/>
         <property name="constraints" type="string" value="&gt;0"/>
         <property name="affectGeometry" type="boolean" value="false"/>
      </parameter>
      <parameter name="acceleration" type="double" value="1000">
         <property name="displayName" type="string" value="A [mm/s^2]"/>
         <property name="constraints" type="string" value="&gt;0"/>
         <property name="affectGeometry" type="boolean" value="false"/>
      </parameter>
      <parameter name="rotMaxSpeed" type="double" value="360">
         <property name="displayName" type="string" value="Vrot [deg/s]"/>
         <property name="constraints" type="string" value="&gt;0"/>
         <property name="affectGeometry" type="boolean" value="false"/>
      </parameter>
      <parameter name="rotMaxAcceleration" type="double" value="180">
         <property name="displayName" type="string" value="Arot deg/s^2]"/>
         <property name="constraints" type="string" value="&gt;0"/>
         <property name="affectGeometry" type="boolean" value="false"/>
      </parameter>
      <parameter name="jerkTime" type="double" value="32">
         <property name="displayName" type="string" value="A change time [ms]"/>
         <property name="constraints" type="string" value="&gt;0"/>
         <property name="affectGeometry" type="boolean" value="false"/>
      </parameter>
      <parameter name="showAllGhosts" type="boolena" value="false">
         <property name="displayName" type="string" value="show collision structures"/>
         <property name="constraints" type="string" value="&gt;0"/>
         <property name="affectGeometry" type="boolean" value="false"/>
      </parameter>
      <parameter name="script" type="string" value="">
         <property name="displayName" type="string" value="Script"/>
         <property name="file_chooser" type="string" value="file"/>
         <property name="file_edit" type="boolean" value="false"/>
      </parameter>
   </instance>
   <instance name="R3" uuid="3362ed60-0d11-4633-9ee8-0e7542b249a9" version="1" prototype="4cf0efef-ad27-4ae1-a3d4-068ad898d5e0">
      <parameter name="logics" type="string" value="">
         <property name="displayName" type="string" value="Logics class name"/>
         <property name="constraints" type="string" value="&gt;0"/>
         <property name="affectGeometry" type="boolean" value="false"/>
      </parameter>
      <parameter name="speed" type="double" value="1000">
         <property name="displayName" type="string" value="V [mm/s]"/>
         <property name="constraints" type="string" value="&gt;0"/>
         <property name="affectGeometry" type="boolean" value="false"/>
      </parameter>
      <parameter name="acceleration" type="double" value="1000">
         <property name="displayName" type="string" value="A [mm/s^2]"/>
         <property name="constraints" type="string" value="&gt;0"/>
         <property name="affectGeometry" type="boolean" value="false"/>
      </parameter>
      <parameter name="rotMaxSpeed" type="double" value="360">
         <property name="displayName" type="string" value="Vrot [deg/s]"/>
         <property name="constraints" type="string" value="&gt;0"/>
         <property name="affectGeometry" type="boolean" value="false"/>
      </parameter>
      <parameter name="rotMaxAcceleration" type="double" value="180">
         <property name="displayName" type="string" value="Arot deg/s^2]"/>
         <property name="constraints" type="string" value="&gt;0"/>
         <property name="affectGeometry" type="boolean" value="false"/>
      </parameter>
      <parameter name="jerkTime" type="double" value="32">
         <property name="displayName" type="string" value="A change time [ms]"/>
         <property name="constraints" type="string" value="&gt;0"/>
         <property name="affectGeometry" type="boolean" value="false"/>
      </parameter>
      <parameter name="showAllGhosts" type="boolena" value="false">
         <property name="displayName" type="string" value="show collision structures"/>
         <property name="constraints" type="string" value="&gt;0"/>
         <property name="affectGeometry" type="boolean" value="false"/>
      </parameter>
      <parameter name="script" type="string" value="">
         <property name="displayName" type="string" value="Script"/>
         <property name="file_chooser" type="string" value="file"/>
         <property name="file_edit" type="boolean" value="false"/>
      </parameter>
   </instance>
   <instance name="RobotWeldingGun1" uuid="2cb1d426-0a79-4726-88d1-bc402b6ef3a3" version="1" prototype="efbf637f-7719-4b85-a81c-15b643d315ae"/>
   <instance name="S1" uuid="1347f8ca-d1fb-4dee-81e2-f2001d84f3b1" version="1" prototype="afa70dcf-9016-4459-995a-69cadfff917e">
      <parameter name="creationtimeInterval" type="long" value="20000">
         <property name="constraints" type="string" value="&gt;0"/>
         <property name="displayName" type="string" value="Creation interval [ms]"/>
      </parameter>
      <parameter name="delayInterval" type="long" value="500">
         <property name="displayName" type="string" value="Initial delay [ms]"/>
      </parameter>
      <parameter name="entityLength" type="double" value="500">
         <property name="constraints" type="string" value="&gt;0"/>
         <property name="displayName" type="string" value="Entity length [mm]"/>
      </parameter>
      <parameter name="entityWidth" type="double" value="500">
         <property name="constraints" type="string" value="&gt;0"/>
         <property name="displayName" type="string" value="Entity width [mm]"/>
      </parameter>
      <parameter name="entityHeight" type="double" value="100">
         <property name="constraints" type="string" value="&gt;0"/>
         <property name="displayName" type="string" value="Entity height [mm]"/>
      </parameter>
      <parameter name="minCreationDistance" type="double" value="100">
         <property name="constraints" type="string" value="&gt;0"/>
         <property name="displayName" type="string" value="Min creation distance [mm]"/>
      </parameter>
      <parameter name="marker" type="string" value="box">
         <property name="displayName" type="string" value="Marker"/>
         <property name="affectGeometry" type="boolean" value="false"/>
      </parameter>
      <parameter name="counterName" type="string" value="counter">
         <property name="displayName" type="string" value="Counter name"/>
         <property name="affectGeometry" type="boolean" value="false"/>
      </parameter>
      <parameter name="entityNamePrefix" type="string" value="E_">
         <property name="displayName" type="string" value="Entity name prefix"/>
         <property name="affectGeometry" type="boolean" value="false"/>
      </parameter>
      <parameter name="color" type="string" value="0x999999">
         <property name="displayName" type="string" value="Color"/>
         <property name="affectGeometry" type="boolean" value="true"/>
      </parameter>
      <parameter name="infoContent" type="string" value="">
         <property name="displayName" type="string" value="HUD content (HTML)"/>
         <property name="affectGeometry" type="boolean" value="false"/>
      </parameter>
      <parameter name="automatic" type="boolean" value="true">
         <property name="displayName" type="string" value="Automatic"/>
         <property name="affectGeometry" type="boolean" value="false"/>
      </parameter>
      <parameter name="baseWidth" type="double" value="500">
         <property name="displayName" type="string" value="Base width [mm]"/>
         <property name="affectGeometry" type="boolean" value="true"/>
      </parameter>
      <parameter name="baseLength" type="double" value="500">
         <property name="displayName" type="string" value="Base length [mm]"/>
         <property name="affectGeometry" type="boolean" value="true"/>
      </parameter>
      <parameter name="baseHeight" type="double" value="900">
         <property name="displayName" type="string" value="Base height [mm]"/>
         <property name="affectGeometry" type="boolean" value="true"/>
      </parameter>
   </instance>
   <instance name="S2" uuid="ef040fc4-be7a-47e4-b0a3-9f9c0e19f60b" version="1" prototype="afa70dcf-9016-4459-995a-69cadfff917e">
      <parameter name="creationtimeInterval" type="long" value="10000">
         <property name="constraints" type="string" value="&gt;0"/>
         <property name="displayName" type="string" value="Creation interval [ms]"/>
      </parameter>
      <parameter name="delayInterval" type="long" value="500">
         <property name="displayName" type="string" value="Initial delay [ms]"/>
      </parameter>
      <parameter name="entityLength" type="double" value="250">
         <property name="constraints" type="string" value="&gt;0"/>
         <property name="displayName" type="string" value="Entity length [mm]"/>
      </parameter>
      <parameter name="entityWidth" type="double" value="250">
         <property name="constraints" type="string" value="&gt;0"/>
         <property name="displayName" type="string" value="Entity width [mm]"/>
      </parameter>
      <parameter name="entityHeight" type="double" value="100">
         <property name="constraints" type="string" value="&gt;0"/>
         <property name="displayName" type="string" value="Entity height [mm]"/>
      </parameter>
      <parameter name="minCreationDistance" type="double" value="100">
         <property name="constraints" type="string" value="&gt;0"/>
         <property name="displayName" type="string" value="Min creation distance [mm]"/>
      </parameter>
      <parameter name="marker" type="string" value="">
         <property name="displayName" type="string" value="Marker"/>
         <property name="affectGeometry" type="boolean" value="false"/>
      </parameter>
      <parameter name="counterName" type="string" value="counter">
         <property name="displayName" type="string" value="Counter name"/>
         <property name="affectGeometry" type="boolean" value="false"/>
      </parameter>
      <parameter name="entityNamePrefix" type="string" value="E_">
         <property name="displayName" type="string" value="Entity name prefix"/>
         <property name="affectGeometry" type="boolean" value="false"/>
      </parameter>
      <parameter name="color" type="string" value="#00FF00">
         <property name="displayName" type="string" value="Color"/>
         <property name="affectGeometry" type="boolean" value="true"/>
      </parameter>
      <parameter name="infoContent" type="string" value="">
         <property name="displayName" type="string" value="HUD content (HTML)"/>
         <property name="affectGeometry" type="boolean" value="false"/>
      </parameter>
      <parameter name="automatic" type="boolean" value="true">
         <property name="displayName" type="string" value="Automatic"/>
         <property name="affectGeometry" type="boolean" value="false"/>
      </parameter>
      <parameter name="baseWidth" type="double" value="500">
         <property name="displayName" type="string" value="Base width [mm]"/>
         <property name="affectGeometry" type="boolean" value="true"/>
      </parameter>
      <parameter name="baseLength" type="double" value="500">
         <property name="displayName" type="string" value="Base length [mm]"/>
         <property name="affectGeometry" type="boolean" value="true"/>
      </parameter>
      <parameter name="baseHeight" type="double" value="900">
         <property name="displayName" type="string" value="Base height [mm]"/>
         <property name="affectGeometry" type="boolean" value="true"/>
      </parameter>
   </instance>
   <instance name="S3" uuid="b9e1ac15-2fb2-4abd-beb2-18e600c787b1" version="1" prototype="afa70dcf-9016-4459-995a-69cadfff917e">
      <parameter name="creationtimeInterval" type="long" value="10000">
         <property name="constraints" type="string" value="&gt;0"/>
         <property name="displayName" type="string" value="Creation interval [ms]"/>
      </parameter>
      <parameter name="delayInterval" type="long" value="1000">
         <property name="displayName" type="string" value="Initial delay [ms]"/>
      </parameter>
      <parameter name="entityLength" type="double" value="150">
         <property name="constraints" type="string" value="&gt;0"/>
         <property name="displayName" type="string" value="Entity length [mm]"/>
      </parameter>
      <parameter name="entityWidth" type="double" value="150">
         <property name="constraints" type="string" value="&gt;0"/>
         <property name="displayName" type="string" value="Entity width [mm]"/>
      </parameter>
      <parameter name="entityHeight" type="double" value="100">
         <property name="constraints" type="string" value="&gt;0"/>
         <property name="displayName" type="string" value="Entity height [mm]"/>
      </parameter>
      <parameter name="minCreationDistance" type="double" value="100">
         <property name="constraints" type="string" value="&gt;0"/>
         <property name="displayName" type="string" value="Min creation distance [mm]"/>
      </parameter>
      <parameter name="marker" type="string" value="">
         <property name="displayName" type="string" value="Marker"/>
         <property name="affectGeometry" type="boolean" value="false"/>
      </parameter>
      <parameter name="counterName" type="string" value="counter">
         <property name="displayName" type="string" value="Counter name"/>
         <property name="affectGeometry" type="boolean" value="false"/>
      </parameter>
      <parameter name="entityNamePrefix" type="string" value="E_">
         <property name="displayName" type="string" value="Entity name prefix"/>
         <property name="affectGeometry" type="boolean" value="false"/>
      </parameter>
      <parameter name="color" type="string" value="#FFFF00">
         <property name="displayName" type="string" value="Color"/>
         <property name="affectGeometry" type="boolean" value="true"/>
      </parameter>
      <parameter name="infoContent" type="string" value="">
         <property name="displayName" type="string" value="HUD content (HTML)"/>
         <property name="affectGeometry" type="boolean" value="false"/>
      </parameter>
      <parameter name="automatic" type="boolean" value="true">
         <property name="displayName" type="string" value="Automatic"/>
         <property name="affectGeometry" type="boolean" value="false"/>
      </parameter>
      <parameter name="baseWidth" type="double" value="500">
         <property name="displayName" type="string" value="Base width [mm]"/>
         <property name="affectGeometry" type="boolean" value="true"/>
      </parameter>
      <parameter name="baseLength" type="double" value="500">
         <property name="displayName" type="string" value="Base length [mm]"/>
         <property name="affectGeometry" type="boolean" value="true"/>
      </parameter>
      <parameter name="baseHeight" type="double" value="900">
         <property name="displayName" type="string" value="Base height [mm]"/>
         <property name="affectGeometry" type="boolean" value="true"/>
      </parameter>
   </instance>
   <relationship sourcePortName="out" sourceInstanceUuid="5482e315-f818-47e5-ae59-6d4774eb10fc" targetPortName="in" targetInstanceUuid="04b637c4-1e10-433a-988f-6174e2296a28"/>
   <relationship sourcePortName="out" sourceInstanceUuid="7d7460e1-d8c2-4290-affc-80d1f1d37578" targetPortName="in" targetInstanceUuid="0a9e04cd-1886-4631-88da-2d0bb26b3e2f"/>
   <relationship sourcePortName="out" sourceInstanceUuid="ef040fc4-be7a-47e4-b0a3-9f9c0e19f60b" targetPortName="in" targetInstanceUuid="8fe89381-7036-4ef1-8791-0f1d2ba157db"/>
   <relationship sourcePortName="out" sourceInstanceUuid="b9e1ac15-2fb2-4abd-beb2-18e600c787b1" targetPortName="in" targetInstanceUuid="e1d7edc6-26e9-481e-be24-8bbf15640d39"/>
   <relationship sourcePortName="TOOL" sourceInstanceUuid="2cb1d426-0a79-4726-88d1-bc402b6ef3a3" targetPortName="TOOL" targetInstanceUuid="5ba275f0-58f3-49c5-bc32-0b3edac3c8d2"/>
   <relationship sourcePortName="out" sourceInstanceUuid="1347f8ca-d1fb-4dee-81e2-f2001d84f3b1" targetPortName="in" targetInstanceUuid="50ad9c59-5ed5-4ab6-95ba-edb20ae31ee8"/>
   <modifiers type="attach">
      <property name="childInstance" type="string" value="2cb1d426-0a79-4726-88d1-bc402b6ef3a3"/>
      <property name="parentInstance" type="string" value="5ba275f0-58f3-49c5-bc32-0b3edac3c8d2"/>
      <property name="parentNode" type="string" value="R2.link6"/>
      <property name="matrix" type="double[]" value="0.0;-0.9659258262890684;-0.2588190451025201;0.0;0.0;0.2588190451025201;-0.9659258262890684;0.0;1.0;0.0;0.0;0.0;1289.0;0.0;1595.0;1.0"/>
   </modifiers>
</instances>