<?xml version="1.0" encoding="UTF-8" standalone="yes"?>
<model name="model.xml" xmlns="http://heron.ttsnetwork.com/xml/v1">
    <variables/>
    <modules>
        <module-instance name="CC" type="com.ttsnetwork.modules.standard.ConveyorLine2">
            <visual x="-1200" y="-1100"/>
            <param name="conveyorSpeed">1</param>
            <param name="startFrame">CC.startFrame</param>
            <param name="endFrame">CC.endFrame</param>
            <param name="sensorNames">S_CC</param>
            <param name="sensorPositions">1500</param>
            <param name="sensorsReveal">LEAD</param>
            <param name="sensorFrames"></param>
            <param name="idleOnStart">false</param>
            <param name="infoContent"></param>
        </module-instance>
        <module-instance name="ProgrammableLogics3" type="com.ttsnetwork.modules.standard.PLModule">
            <visual x="5421" y="306"/>
            <param name="id">ProgrammableLogics3</param>
            <param name="logicClassName">my.company.PL1StateMachine2</param>
        </module-instance>
        <module-instance name="R1" type="com.ttsnetwork.modules.standard.Robot6DOF2">
            <visual x="-1500" y="800"/>
            <param name="translationSpeed">1000</param>
            <param name="translationAcceleration">1000</param>
            <param name="rotationSpeed">360</param>
            <param name="rotationAcceleration">180</param>
            <param name="modelName">R1</param>
            <param name="jerkTime">32</param>
            <param name="showAllGhosts">false</param>
            <param name="script"></param>
            <param name="logicClassName"></param>
        </module-instance>
        <module-instance name="S3" type="com.ttsnetwork.modules.standard.ParametricSource2">
            <visual x="-1200" y="-1850"/>
            <param name="modelName">S3</param>
            <param name="creationFrameName">S3.creationFrame</param>
            <param name="timeInterval">10000</param>
            <param name="minCreationDistance">100</param>
            <param name="marker"></param>
            <param name="counterName">counter</param>
            <param name="entityNamePrefix">E_</param>
            <param name="delayInterval">1000</param>
            <param name="infoContent"></param>
            <param name="automatic">true</param>
        </module-instance>
        <module-instance name="S1" type="com.ttsnetwork.modules.standard.ParametricSource2">
            <visual x="-3000" y="0"/>
            <param name="modelName">S1</param>
            <param name="creationFrameName">S1.creationFrame</param>
            <param name="timeInterval">20000</param>
            <param name="minCreationDistance">100</param>
            <param name="marker">box</param>
            <param name="counterName">counter</param>
            <param name="entityNamePrefix">E_</param>
            <param name="delayInterval">500</param>
            <param name="infoContent"></param>
            <param name="automatic">true</param>
        </module-instance>
        <module-instance name="S2" type="com.ttsnetwork.modules.standard.ParametricSource2">
            <visual x="-1800" y="-1850"/>
            <param name="modelName">S2</param>
            <param name="creationFrameName">S2.creationFrame</param>
            <param name="timeInterval">10000</param>
            <param name="minCreationDistance">100</param>
            <param name="marker"></param>
            <param name="counterName">counter</param>
            <param name="entityNamePrefix">E_</param>
            <param name="delayInterval">500</param>
            <param name="infoContent"></param>
            <param name="automatic">true</param>
        </module-instance>
        <module-instance name="RobotWeldingGun1" type="com.ttsnetwork.modules.standard.RobotWeldingGun">
            <visual x="1500" y="-489"/>
            <param name="tcpFrameId">RobotWeldingGun1.gun.tcp</param>
        </module-instance>
        <module-instance name="ProgrammableLogics1" type="com.ttsnetwork.modules.standard.PLModule">
            <visual x="-3635" y="-1418"/>
            <param name="id">ProgrammableLogics1</param>
            <param name="logicClassName">my.company.PL1StateMachine</param>
        </module-instance>
        <module-instance name="CD1" type="com.ttsnetwork.modules.standard.ConveyorLine2">
            <visual x="3500" y="600"/>
            <param name="conveyorSpeed">1</param>
            <param name="startFrame">CD1.startFrame</param>
            <param name="endFrame">CD1.endFrame</param>
            <param name="sensorNames"></param>
            <param name="sensorPositions"></param>
            <param name="sensorsReveal"></param>
            <param name="sensorFrames"></param>
            <param name="idleOnStart">false</param>
            <param name="infoContent"></param>
        </module-instance>
        <module-instance name="CB" type="com.ttsnetwork.modules.standard.ConveyorLine2">
            <visual x="-1800" y="-1100"/>
            <param name="conveyorSpeed">1</param>
            <param name="startFrame">CB.startFrame</param>
            <param name="endFrame">CB.endFrame</param>
            <param name="sensorNames">S_CB</param>
            <param name="sensorPositions">1500</param>
            <param name="sensorsReveal">LEAD</param>
            <param name="sensorFrames"></param>
            <param name="idleOnStart">false</param>
            <param name="infoContent"></param>
        </module-instance>
        <module-instance name="D2" type="com.ttsnetwork.modules.standard.Sink">
            <visual x="4500" y="-600"/>
            <param name="timeInterval">1000</param>
            <param name="infoContent"></param>
            <param name="infoFrame">D2.creationFrame</param>
        </module-instance>
        <module-instance name="R3" type="com.ttsnetwork.modules.standard.Robot6DOF2">
            <visual x="4000" y="0"/>
            <param name="translationSpeed">1000</param>
            <param name="translationAcceleration">1000</param>
            <param name="rotationSpeed">360</param>
            <param name="rotationAcceleration">180</param>
            <param name="modelName">R3</param>
            <param name="jerkTime">32</param>
            <param name="showAllGhosts">false</param>
            <param name="script"></param>
            <param name="logicClassName"></param>
        </module-instance>
        <module-instance name="D1" type="com.ttsnetwork.modules.standard.Sink">
            <visual x="4500" y="600"/>
            <param name="timeInterval">1000</param>
            <param name="infoContent"></param>
            <param name="infoFrame">D1.creationFrame</param>
        </module-instance>
        <module-instance name="CA" type="com.ttsnetwork.modules.standard.ConveyorLine2">
            <visual x="0" y="0"/>
            <param name="conveyorSpeed">1</param>
            <param name="startFrame">CA.startFrame</param>
            <param name="endFrame">CA.endFrame</param>
            <param name="sensorNames">S_CA1;S_CA2;S_CA3</param>
            <param name="sensorPositions">1500;4500;6000</param>
            <param name="sensorsReveal">CENTER;CENTER;LEAD</param>
            <param name="sensorFrames"></param>
            <param name="idleOnStart">false</param>
            <param name="infoContent"></param>
        </module-instance>
        <module-instance name="CD2" type="com.ttsnetwork.modules.standard.ConveyorLine2">
            <visual x="3500" y="-600"/>
            <param name="conveyorSpeed">1</param>
            <param name="startFrame">CD2.startFrame</param>
            <param name="endFrame">CD2.endFrame</param>
            <param name="sensorNames"></param>
            <param name="sensorPositions"></param>
            <param name="sensorsReveal"></param>
            <param name="sensorFrames"></param>
            <param name="idleOnStart">false</param>
            <param name="infoContent"></param>
        </module-instance>
        <module-instance name="R2" type="com.ttsnetwork.modules.standard.Robot6DOF2">
            <visual x="1500" y="800"/>
            <param name="translationSpeed">1000</param>
            <param name="translationAcceleration">1000</param>
            <param name="rotationSpeed">360</param>
            <param name="rotationAcceleration">180</param>
            <param name="modelName">R2</param>
            <param name="jerkTime">32</param>
            <param name="showAllGhosts">false</param>
            <param name="script"></param>
            <param name="logicClassName"></param>
        </module-instance>
        <module-instance name="ProgrammableLogics2" type="com.ttsnetwork.modules.standard.PLModule">
            <visual x="1541" y="2365"/>
            <param name="id">ProgrammableLogics2</param>
            <param name="logicClassName">my.company.PL1StateMachine1</param>
        </module-instance>
    </modules>
    <connections>
        <connection>
            <port-out module="CD1" port="flowOut"/>
            <port-in module="D1" port="in"/>
        </connection>
        <connection>
            <port-out module="CD2" port="flowOut"/>
            <port-in module="D2" port="in"/>
        </connection>
        <connection>
            <port-out module="S2" port="out"/>
            <port-in module="CB" port="flowIn"/>
        </connection>
        <connection>
            <port-out module="S3" port="out"/>
            <port-in module="CC" port="flowIn"/>
        </connection>
        <connection>
            <port-out module="RobotWeldingGun1" port="control"/>
            <port-in module="R2" port="tool"/>
        </connection>
        <connection>
            <port-out module="S1" port="out"/>
            <port-in module="CA" port="flowIn"/>
        </connection>
    </connections>
</model>