<?xml version="1.0" encoding="UTF-8" standalone="yes"?>
<ns2:environment xmlns="http://binding.ttsnetwork.com/commons" xmlns:ns2="http://binding.ttsnetwork.com/xml/v7" version="1.0" id="model.xml">
    <ns2:view>
        <background>
            <color1 r="0.2" g="0.4" b="0.6" a="1.0"/>
        </background>
        <floor visible="false">
            <axis>Z</axis>
            <center lengthUnit="mm">
                <x>0.0</x>
                <y>0.0</y>
                <z>0.0</z>
            </center>
            <sun-position lengthUnit="mm">
                <x>0.0</x>
                <y>0.0</y>
                <z>0.0</z>
            </sun-position>
            <top-color r="1.0" g="1.0" b="1.0" a="1.0"/>
            <bottom-color r="0.5" g="0.5" b="0.5" a="1.0"/>
            <shadows-color r="0.7" g="0.7" b="0.7" a="1.0"/>
        </floor>
        <camera-ortho/>
        <camera-perspective/>
    </ns2:view>
    <ns2:group id="root">
        <ns2:frames/>
        <ns2:children>
            <ns2:group id="relocator">
                <ns2:frames/>
                <ns2:joint type="RIGID">
                    <ns2:transform>
                        <location lengthUnit="mm">
                            <x>2507.63</x>
                            <y>-508.5</y>
                            <z>1499.000015258789</z>
                        </location>
                        <orientation angleUnit="deg">
                            <x>1.0</x>
                            <y>0.0</y>
                            <z>0.0</z>
                            <w>0.0</w>
                        </orientation>
                    </ns2:transform>
                </ns2:joint>
                <ns2:children>
                    <ns2:group id="relocatorA">
                        <ns2:frames/>
                        <ns2:joint type="RIGID">
                            <ns2:transform>
<location lengthUnit="mm">
    <x>-200.0</x>
    <y>0.0</y>
    <z>0.0</z>
</location>
<orientation angleUnit="deg">
    <x>1.0</x>
    <y>0.0</y>
    <z>0.0</z>
    <w>0.0</w>
</orientation>
                            </ns2:transform>
                        </ns2:joint>
                        <ns2:children>
                            <ns2:group id="latoA">
<ns2:frames/>
<ns2:joint type="RIGID">
    <ns2:transform>
        <location lengthUnit="mm">
            <x>-4789.5</x>
            <y>671.82</y>
            <z>-1574.7</z>
        </location>
        <orientation angleUnit="deg">
            <x>0.0</x>
            <y>0.0</y>
            <z>-1.0</z>
            <w>90.0</w>
        </orientation>
    </ns2:transform>
</ns2:joint>
<ns2:children>
    <ns2:body visible="true" id="carterA1">
        <ns2:frames/>
        <ns2:joint type="RIGID">
            <ns2:transform>
                <location lengthUnit="mm">
                    <x>0.0</x>
                    <y>0.0</y>
                    <z>0.0</z>
                </location>
                <orientation angleUnit="deg">
                    <x>1.0</x>
                    <y>0.0</y>
                    <z>0.0</z>
                    <w>0.0</w>
                </orientation>
            </ns2:transform>
        </ns2:joint>
        <ns2:geometry lengthUnit="mm" type="VRML">
            <geometry-uri>carterA1.wrl</geometry-uri>
        </ns2:geometry>
        <ns2:children/>
    </ns2:body>
    <ns2:body visible="true" id="carterA2">
        <ns2:frames/>
        <ns2:joint type="RIGID">
            <ns2:transform>
                <location lengthUnit="mm">
                    <x>0.0</x>
                    <y>0.0</y>
                    <z>0.0</z>
                </location>
                <orientation angleUnit="deg">
                    <x>1.0</x>
                    <y>0.0</y>
                    <z>0.0</z>
                    <w>0.0</w>
                </orientation>
            </ns2:transform>
        </ns2:joint>
        <ns2:geometry lengthUnit="mm" type="VRML">
            <geometry-uri>carterA2.wrl</geometry-uri>
        </ns2:geometry>
        <ns2:children/>
    </ns2:body>
</ns2:children>
                            </ns2:group>
                        </ns2:children>
                    </ns2:group>
                    <ns2:group id="relocatorB">
                        <ns2:frames/>
                        <ns2:joint type="RIGID">
                            <ns2:transform>
<location lengthUnit="mm">
    <x>200.0</x>
    <y>0.0</y>
    <z>0.0</z>
</location>
<orientation angleUnit="deg">
    <x>1.0</x>
    <y>0.0</y>
    <z>0.0</z>
    <w>0.0</w>
</orientation>
                            </ns2:transform>
                        </ns2:joint>
                        <ns2:children>
                            <ns2:group id="latoB">
<ns2:frames/>
<ns2:joint type="RIGID">
    <ns2:transform>
        <location lengthUnit="mm">
            <x>-3947.5</x>
            <y>671.82</y>
            <z>-1574.7</z>
        </location>
        <orientation angleUnit="deg">
            <x>0.0</x>
            <y>0.0</y>
            <z>-1.0</z>
            <w>90.0</w>
        </orientation>
    </ns2:transform>
</ns2:joint>
<ns2:children>
    <ns2:body visible="true" id="carterB1">
        <ns2:frames/>
        <ns2:joint type="RIGID">
            <ns2:transform>
                <location lengthUnit="mm">
                    <x>0.0</x>
                    <y>0.0</y>
                    <z>0.0</z>
                </location>
                <orientation angleUnit="deg">
                    <x>1.0</x>
                    <y>0.0</y>
                    <z>0.0</z>
                    <w>0.0</w>
                </orientation>
            </ns2:transform>
        </ns2:joint>
        <ns2:geometry lengthUnit="mm" type="VRML">
            <geometry-uri>carterB1.wrl</geometry-uri>
        </ns2:geometry>
        <ns2:children/>
    </ns2:body>
    <ns2:body visible="true" id="carterB2">
        <ns2:frames/>
        <ns2:joint type="RIGID">
            <ns2:transform>
                <location lengthUnit="mm">
                    <x>0.0</x>
                    <y>0.0</y>
                    <z>0.0</z>
                </location>
                <orientation angleUnit="deg">
                    <x>1.0</x>
                    <y>0.0</y>
                    <z>0.0</z>
                    <w>0.0</w>
                </orientation>
            </ns2:transform>
        </ns2:joint>
        <ns2:geometry lengthUnit="mm" type="VRML">
            <geometry-uri>carterB2.wrl</geometry-uri>
        </ns2:geometry>
        <ns2:children/>
    </ns2:body>
</ns2:children>
                            </ns2:group>
                        </ns2:children>
                    </ns2:group>
                </ns2:children>
            </ns2:group>
        </ns2:children>
    </ns2:group>
</ns2:environment>
